{
    "Arequipa, Arequipa, Peru": [
        [
            -16.40679837620039,
            -71.53818634021692
        ],
        [
            -16.39330855211161,
            -71.53818634021695
        ],
        [
            -16.40679790861165,
            -71.52412390015525
        ]
    ],
    "Alto Selva Alegre, Arequipa, Peru": [
        [
            -16.331058419570855,
            -71.48553023369439
        ],
        [
            -16.317568595482072,
            -71.48553023369436
        ],
        [
            -16.331057954262473,
            -71.47147325275029
        ],
        [
            -16.344548243659634,
            -71.48553023369436
        ],
        [
            -16.331057954262473,
            -71.4995872146385
        ]
    ],
    "Cayma, Arequipa, Peru": [
        [
            -16.252908478161913,
            -71.4571298914793
        ],
        [
            -16.239418654073134,
            -71.45712989147933
        ],
        [
            -16.252908015204596,
            -71.44307851318814
        ],
        [
            -16.266398302250696,
            -71.45712989147933
        ],
        [
            -16.252908015204596,
            -71.47118126977045
        ]
    ],
    "Cerro Colorado, Arequipa, Peru": [
        [
            -16.30442116329214,
            -71.57658710199712
        ],
        [
            -16.290931339203365,
            -71.57658710199712
        ],
        [
            -16.30442069878533,
            -71.56253203414576
        ],
        [
            -16.317910987380923,
            -71.57658710199712
        ],
        [
            -16.30442069878533,
            -71.59064216984848
        ]
    ],
    "Characato, Arequipa, Peru": [
        [
            -16.457742740908632,
            -71.38286833438323
        ],
        [
            -16.444252916819853,
            -71.38286833438326
        ],
        [
            -16.45774227178508,
            -71.36880220618195
        ],
        [
            -16.47123256499741,
            -71.38286833438326
        ],
        [
            -16.45774227178508,
            -71.39693446258451
        ]
    ],
    "Chiguata, Arequipa, Peru": [
        [
            -16.37557572736362,
            -71.3586445005748
        ],
        [
            -16.362085903274842,
            -71.35864450057477
        ],
        [
            -16.375575260715145,
            -71.34458431444182
        ],
        [
            -16.389065551452404,
            -71.35864450057477
        ],
        [
            -16.375575260715145,
            -71.37270468670783
        ]
    ],
    "Jacobo Hunter, Arequipa, Peru": [
        [
            -16.458777719380812,
            -71.56271278675891
        ],
        [
            -16.44528789529203,
            -71.56271278675888
        ],
        [
            -16.47226754346959,
            -71.56271278675888
        ],
        [
            -16.45877725022607,
            -71.57677899002323
        ]
    ],
    "Jos\u00e9 Luis Bustamante y Rivero, Arequipa, Peru": [
        [
            -16.43173015002675,
            -71.52301342455698
        ],
        [
            -16.418240325937965,
            -71.523013424557
        ]
    ],
    "La Joya, Arequipa, Peru": [
        [
            -16.5883916540831,
            -71.79572470874834
        ],
        [
            -16.57490182999432,
            -71.79572470874837
        ],
        [
            -16.58839118101976,
            -71.7816490624237
        ],
        [
            -16.601881478171883,
            -71.79572470874837
        ],
        [
            -16.58839118101976,
            -71.80980035507298
        ]
    ],
    "Mariano Melgar, Arequipa, Peru": [
        [
            -16.375465532154973,
            -71.46294401224343
        ],
        [
            -16.36197570806619,
            -71.46294401224344
        ],
        [
            -16.37546506550981,
            -71.44888383405663
        ],
        [
            -16.388955356243752,
            -71.46294401224344
        ]
    ],
    "Miraflores, Arequipa, Peru": [
        [
            -16.3563745231356,
            -71.47112282801574
        ],
        [
            -16.356374057065207,
            -71.45706402556488
        ]
    ],
    "Mollebaya, Arequipa, Peru": [
        [
            -16.50407939598923,
            -71.47384476890866
        ],
        [
            -16.490589571900454,
            -71.47384476890863
        ],
        [
            -16.50407892546898,
            -71.45977527480261
        ],
        [
            -16.51756922007801,
            -71.47384476890863
        ],
        [
            -16.50407892546898,
            -71.48791426301466
        ]
    ],
    "Paucarpata, Arequipa, Peru": [
        [
            -16.420118919012943,
            -71.47792756211211
        ],
        [
            -16.40662909492416,
            -71.47792756211209
        ],
        [
            -16.420118451022972,
            -71.4638641589641
        ],
        [
            -16.433608743101722,
            -71.47792756211209
        ],
        [
            -16.420118451022972,
            -71.49199096526013
        ]
    ],
    "Pocsi, Arequipa, Peru": [
        [
            -16.498886894648972,
            -71.33217501812283
        ],
        [
            -16.48539707056019,
            -71.33217501812283
        ],
        [
            -16.49888642428527,
            -71.31810590173922
        ],
        [
            -16.51237671873775,
            -71.33217501812283
        ],
        [
            -16.49888642428527,
            -71.34624413450643
        ]
    ],
    "Polobaya, Arequipa, Peru": [
        [
            -16.641987159005552,
            -71.3574228802602
        ],
        [
            -16.628497334916773,
            -71.35742288026017
        ],
        [
            -16.641986684324465,
            -71.34334330444807
        ],
        [
            -16.65547698309433,
            -71.35742288026017
        ],
        [
            -16.641986684324465,
            -71.37150245607234
        ]
    ],
    "Queque\u00f1a, Arequipa, Peru": [
        [
            -16.544176083314753,
            -71.44321176039715
        ],
        [
            -16.53068625922597,
            -71.44321176039716
        ],
        [
            -16.544175611585356,
            -71.42913934492884
        ],
        [
            -16.557665907403532,
            -71.44321176039716
        ],
        [
            -16.544175611585356,
            -71.45728417586542
        ]
    ],
    "Saband\u00eda, Arequipa, Peru": [
        [
            -16.4482638268356,
            -71.46015637995781
        ],
        [
            -16.43477400274682,
            -71.46015637995782
        ],
        [
            -16.448263357997686,
            -71.4460909389752
        ],
        [
            -16.461753650924383,
            -71.46015637995782
        ],
        [
            -16.448263357997686,
            -71.47422182094044
        ]
    ],
    "Sachaca, Arequipa, Peru": [
        [
            -16.42106309310577,
            -71.5762452524833
        ],
        [
            -16.40757326901699,
            -71.57624525248332
        ],
        [
            -16.421062625087355,
            -71.56218178103683
        ],
        [
            -16.434552917194548,
            -71.57624525248332
        ],
        [
            -16.421062625087355,
            -71.59030872392975
        ]
    ],